{
  "languages": [
    {
      "grammar": "textmate/java/syntaxes/java.tmLanguage.json",
      "name": "java",
      "scopeName": "source.java",
      "languageConfiguration": "textmate/java/language-configuration.json"
    },
    {
      "grammar": "textmate/kotlin/syntaxes/Kotlin.tmLanguage",
      "name": "kotlin",
      "scopeName": "source.kotlin",
      "languageConfiguration": "textmate/kotlin/language-configuration.json"
    },
    {
      "grammar": "textmate/python/syntaxes/python.tmLanguage.json",
      "name": "python",
      "scopeName": "source.python",
      "languageConfiguration": "textmate/python/language-configuration.json"
    },
    {
      "grammar": "textmate/xml/syntaxes/xml.tmLanguage.json",
      "name": "xml",
      "scopeName": "text.xml",
      "languageConfiguration": "textmate/xml/language-configuration.json"
    },
    {
      "grammar": "textmate/html/syntaxes/html.tmLanguage.json",
      "name": "html",
      "scopeName": "text.html.basic",
      "languageConfiguration": "textmate/html/language-configuration.json",
      "embeddedLanguages": {
        "source.js": "javascript"
      }
    },
    {
      "grammar": "textmate/javascript/syntaxes/JavaScript.tmLanguage.json",
      "name": "javascript",
      "scopeName": "source.js",
      "languageConfiguration": "textmate/javascript/language-configuration.json"
    },
    {
      "grammar": "textmate/lua/syntaxes/lua.tmLanguage.json",
      "name": "lua",
      "scopeName": "source.lua",
      "languageConfiguration": "textmate/lua/language-configuration.json"
    },
    {
      "name": "markdown",
      "scopeName": "text.html.markdown",
      "grammar": "textmate/markdown/syntaxes/markdown.tmLanguage.json",
      "languageConfiguration": "textmate/markdown/language-configuration.json",
      "embeddedLanguages": {
        "meta.embedded.block.html": "html",
        "source.js": "javascript",
        "source.lua": "lua",
        "meta.embedded.block.java": "java",
        "meta.embedded.block.xml": "xml",
        "meta.embedded.block.python": "python"
      }
    }
  ]
}