{
  "allFiles": [
    {
      "file": "/storage/emulated/0/颜如玉/YLua/app/build.gradle",
      "selection": {
        "end": {
          "column": 0,
          "index": 0,
          "line": 0
        },
        "start": {
          "column": 0,
          "index": 0,
          "line": 0
        }
      }
    },
    {
      "file": "/storage/emulated/0/颜如玉/YLua/app/src/main/AndroidManifest.xml",
      "selection": {
        "end": {
          "column": 36,
          "index": 883,
          "line": 17
        },
        "start": {
          "column": 36,
          "index": 883,
          "line": 17
        }
      }
    }
  ],
  "selectedFile": "/storage/emulated/0/颜如玉/YLua/app/src/main/AndroidManifest.xml"
}