{
  "comments": {
    "blockComment": [
      "<!--",
      "-->"
    ]
  },
  "brackets": [
    [
      "{",
      "}"
    ],
    [
      "[",
      "]"
    ],
    [
      "(",
      ")"
    ]
  ],
  "colorizedBracketPairs": [
  ],
  "autoClosingPairs": [
    {
      "open": "{",
      "close": "}"
    },
    {
      "open": "[",
      "close": "]"
    },
    {
      "open": "(",
      "close": ")"
    },
    {
      "open": "<",
      "close": ">",
      "notIn": [
        "string"
      ]
    }
  ],
  "surroundingPairs": [
    [
      "(",
      ")"
    ],
    [
      "[",
      "]"
    ],
    [
      "`",
      "`"
    ],
    [
      "_",
      "_"
    ],
    [
      "*",
      "*"
    ],
    [
      "{",
      "}"
    ],
    [
      "'",
      "'"
    ],
    [
      "\"",
      "\""
    ]
  ],
  "folding": {
    "offSide": true,
    "markers": {
      "start": "^\\s*<!--\\s*#?region\\b.*-->",
      "end": "^\\s*<!--\\s*#?endregion\\b.*-->"
    }
  },
  "wordPattern": "(\\p{Alphabetic}|\\p{Number}|\\p{Nonspacing_Mark})(((\\p{Alphabetic}|\\p{Number}|\\p{Nonspacing_Mark})|[_])?(\\p{Alphabetic}|\\p{Number}|\\p{Nonspacing_Mark}))*"
}
